PlotName,Location,Treated,Latitude,Longitude,UTM_N_Corr,UTM_E_Corr,Forest,District,Elevation_,Elevation1,PlotID,Completed?
405202.00000000000,Barnes Mountain,Y,37.03363615140,-119.24127866400,4100952.73100000000,300653.63000000000,Sierra,High Sierra,1078.11102403000,3536.20415880000,405202,Y
405203.00000000000,Barnes Mountain,Y,37.03314837730,-119.24138031200,4100898.82200000000,300643.31200000000,Sierra,High Sierra,1088.98492539000,3571.87055529000,405203,
405204.00000000000,Barnes Mountain,Y,37.03270601020,-119.24132446400,4100849.62100000000,300647.12300000000,Sierra,High Sierra,1092.33275445000,3582.85143459000,405204,Y
405205.00000000000,Barnes Mountain,Y,37.03406022230,-119.24189149100,4101001.07000000000,300600.22500000000,Sierra,High Sierra,1069.65526753000,3508.46927751000,405205,Y
405206.00000000000,Barnes Mountain,Y,37.03361637720,-119.24183709100,4100951.70800000000,300603.90300000000,Sierra,High Sierra,1080.27959373000,3543.31706745000,405206,Y
405207.00000000000,Barnes Mountain,Y,37.03316728320,-119.24187347000,4100901.95400000000,300599.49200000000,Sierra,High Sierra,1095.56750748000,3593.46142454000,405207,Y
405208.00000000000,Barnes Mountain,Y,37.03271110800,-119.24184439400,4100851.27700000000,300600.88500000000,Sierra,High Sierra,1103.23441003000,3618.60886490000,405208,Y
405209.00000000000,Barnes Mountain,Y,37.03405070800,-119.24010560500,4100996.27000000000,300759.06400000000,Sierra,High Sierra,1053.33053656000,3454.92415991000,405209,
405210.00000000000,Barnes Mountain,Y,37.03361821730,-119.24020438900,4100948.48900000000,300749.14600000000,Sierra,High Sierra,1067.44318342000,3501.21364163000,405210,Y
4022132.00000000000,Blue Canyon1C,N,37.02770182710,-119.29118042900,4100400.07200000000,296198.69600000000,Sierra,High Sierra,1372.76399241000,4502.66589511000,4022132,
4022142.00000000000,Blue Canyon1C,N,37.02769590800,-119.29165799700,4100400.43900000000,296156.19400000000,Sierra,High Sierra,1366.55453141000,4482.29886303000,4022142,
4022162.00000000000,Blue Canyon1C,N,37.02765118460,-119.29282863800,4100397.98700000000,296051.93000000000,Sierra,High Sierra,1361.71925592000,4466.43915941000,4022162,
4022192.00000000000,Blue Canyon1C,N,37.02726841870,-119.29113204200,4100351.87800000000,296201.84200000000,Sierra,High Sierra,1372.55358068000,4501.97574462000,4022192,
4022212.00000000000,Blue Canyon1C,N,37.02724035890,-119.29222136900,4100351.10000000000,296104.85600000000,Sierra,High Sierra,1355.74706162000,4446.85036212000,4022212,
4022232.00000000000,Blue Canyon2C,N,37.04096375290,-119.30508043800,4101901.48400000000,294997.77700000000,Sierra,High Sierra,1352.88108261000,4437.44995097000,4022232,
4022242.00000000000,Blue Canyon2C,N,37.04049275460,-119.30504354900,4101849.14300000000,294999.79100000000,Sierra,High Sierra,1359.14799647000,4458.00542841000,4022242,
4022252.00000000000,Blue Canyon2C,N,37.04006091010,-119.30499670400,4101801.12500000000,295002.79600000000,Sierra,High Sierra,1367.18366283000,4484.36241410000,4022252,
4022262.00000000000,Blue Canyon2C,N,37.03959163030,-119.30503506800,4101749.13700000000,294998.12100000000,Sierra,High Sierra,1371.40640437000,4498.21300633000,4022262,
4022292.00000000000,Blue Canyon2C,N,37.04048828620,-119.30550985100,4101849.65300000000,294958.30200000000,Sierra,High Sierra,1350.47520858000,4429.55868415000,4022292,
4022012.00000000000,Blue Canyon3C,N,37.03435854750,-119.22331278500,4100995.36500000000,302253.66900000000,Sierra,High Sierra,1248.06380970000,4093.64929582000,4022012,
4022022.00000000000,Blue Canyon3C,N,37.03482809450,-119.22333415900,4101047.50900000000,302252.98600000000,Sierra,High Sierra,1248.68445453000,4095.68501085000,4022022,Y
4022042.00000000000,Blue Canyon3C,N,37.03578385460,-119.22337246900,4101153.63700000000,302252.05800000000,Sierra,High Sierra,1254.29765037000,4114.09629323000,4022042,Y
4022052.00000000000,Blue Canyon3C,N,37.03445103960,-119.22275280200,4101004.46300000000,302303.72200000000,Sierra,High Sierra,1256.52507495000,4121.40224585000,4022052,y
4022062.00000000000,Blue Canyon3C,N,37.03485426750,-119.22277157500,4101049.24300000000,302303.09800000000,Sierra,High Sierra,1256.33762894000,4120.78742293000,4022062,Y
4022072.00000000000,Blue Canyon3C,N,37.03531851030,-119.22280090700,4101100.81500000000,302301.69300000000,Sierra,High Sierra,1254.45032809000,4114.59707612000,4022072,Y
4022082.00000000000,Blue Canyon3C,N,37.03598417580,-119.22284261200,4101174.76200000000,302299.71000000000,Sierra,High Sierra,1261.80179254000,4138.70987952000,4022082,Y
4022092.00000000000,Blue Canyon3C,N,37.03440893560,-119.22218131600,4100998.60300000000,302354.44900000000,Sierra,High Sierra,1256.03576383000,4119.79730537000,4022092,Y
4022102.00000000000,Blue Canyon3C,N,37.03487194330,-119.22223232800,4101050.08300000000,302351.11200000000,Sierra,High Sierra,1260.79210473000,4135.39810352000,4022102,
4022112.00000000000,Blue Canyon3C,N,37.03534713020,-119.22225910900,4101102.86400000000,302349.96200000000,Sierra,High Sierra,1262.26509148000,4140.22950006000,4022112,Y
1551612.00000000000,Foster16,N,37.25295866630,-119.38529407100,4125600.94000000000,288454.57200000000,Sierra,Bass Lake,1565.25793207000,5134.04601718000,1551612,155161
1551622.00000000000,Foster16,N,37.25296643450,-119.38468147200,4125600.43200000000,288508.93200000000,Sierra,Bass Lake,1564.74511735000,5132.36398491000,1551622,155162
1551632.00000000000,Foster16,N,37.25296544200,-119.38421236000,4125599.27300000000,288550.54000000000,Sierra,Bass Lake,1564.91694649000,5132.92758450000,1551632,
1551642.00000000000,Foster16,N,37.25243900470,-119.38532567200,4125543.34700000000,288450.31500000000,Sierra,Bass Lake,1550.38156424000,5085.25153071000,1551642,155164
1551652.00000000000,Foster16,N,37.25251236870,-119.38585418800,4125552.67000000000,288403.64000000000,Sierra,Bass Lake,1563.52765602000,5128.37071176000,1551652,155165
1551662.00000000000,Foster16,N,37.25256659870,-119.38466284300,4125556.02300000000,288509.46600000000,Sierra,Bass Lake,1553.20691580000,5094.51868381000,1551662,155166
1551672.00000000000,Foster16,N,37.25254132970,-119.38417619200,4125552.13100000000,288552.56200000000,Sierra,Bass Lake,1553.97895115000,5097.05095976000,1551672,155167
1551682.00000000000,Foster16,N,37.25201735280,-119.38521485400,4125496.31100000000,288458.96500000000,Sierra,Bass Lake,1543.05143344000,5061.20870167000,1551682,155168
1551692.00000000000,Foster16,N,37.25200290820,-119.38476717200,4125493.70700000000,288498.63500000000,Sierra,Bass Lake,1540.92991153000,5054.25010983000,1551692,
1551702.00000000000,Foster16,N,37.25201718690,-119.38417570900,4125493.96900000000,288551.13900000000,Sierra,Bass Lake,1543.21090896000,5061.73178138000,1551702,
155151.00000000000,Foster16,Y,37.25913284560,-119.38948597700,4126295.43600000000,288100.05200000000,Sierra,Bass Lake,1623.69442144000,5325.71770231000,155151,
155152.00000000000,Foster16,Y,37.25958163010,-119.38954401000,4126345.36500000000,288096.16300000000,Sierra,Bass Lake,1631.49201026000,5351.29379364000,155152,
155153.00000000000,Foster16,Y,37.26006768630,-119.38951911100,4126399.24400000000,288099.73400000000,Sierra,Bass Lake,1637.39734754000,5370.66329994000,155153,
155154.00000000000,Foster16,Y,37.25961125700,-119.38888141300,4126347.16800000000,288155.01400000000,Sierra,Bass Lake,1633.11315367000,5356.61114404000,155154,
155155.00000000000,Foster16,Y,37.26052267170,-119.38897144800,4126448.50400000000,288149.58300000000,Sierra,Bass Lake,1648.95109833000,5408.55960251000,155155,
155156.00000000000,Foster16,Y,37.25968370260,-119.38615332700,4126349.09900000000,288397.18000000000,Sierra,Bass Lake,1651.11761160000,5415.66576605000,155156,
155157.00000000000,Foster16,Y,37.25965526920,-119.38667976400,4126347.12200000000,288350.40900000000,Sierra,Bass Lake,1652.84535048000,5421.33274959000,155157,Y
155158.00000000000,Foster16,Y,37.25922819890,-119.38664824200,4126299.66200000000,288352.00900000000,Sierra,Bass Lake,1642.21040665000,5386.45013382000,155158,Y
155159.00000000000,Foster16,Y,37.25925221690,-119.38723924400,4126303.65000000000,288299.65800000000,Sierra,Bass Lake,1645.61623869000,5397.62126290000,155159,
155160.00000000000,Foster16,Y,37.25924046600,-119.38784486800,4126303.70200000000,288245.91000000000,Sierra,Bass Lake,1639.30776615000,5376.92947298000,155160,
155101.00000000000,Granddad,Y,37.40787734260,-119.60320391700,4143301.95700000000,269599.27400000000,Sierra,Bass Lake,1464.73725787000,4804.33820581000,155101,Y
155102.00000000000,Granddad,Y,37.40785207410,-119.60378507300,4143300.57400000000,269547.75100000000,Sierra,Bass Lake,1449.38426111000,4753.98037645000,155102,Y
155103.00000000000,Granddad,Y,37.40778244030,-119.60430120600,4143294.10900000000,269501.84800000000,Sierra,Bass Lake,1437.10866464000,4713.71642003000,155103,Y
155104.00000000000,Granddad,Y,37.40740714200,-119.60422528500,4143252.27600000000,269507.41800000000,Sierra,Bass Lake,1437.76884205000,4715.88180190999,155104,Y
155105.00000000000,Granddad,Y,37.40742452210,-119.60371553500,4143252.95800000000,269552.59600000000,Sierra,Bass Lake,1447.98429694000,4749.38849397000,155105,Y
155106.00000000000,Granddad,Y,37.40831122950,-119.60322439600,4143350.15600000000,269598.79100000000,Sierra,Bass Lake,1453.29512571000,4766.80801234000,155106,Y
155107.00000000000,Granddad,Y,37.40824898070,-119.60375555300,4143344.54700000000,269551.58100000000,Sierra,Bass Lake,1441.91948539000,4729.49591209000,155107,Y
155108.00000000000,Granddad,Y,37.40470783800,-119.60307857300,4142949.92700000000,269600.65600000000,Sierra,Bass Lake,1446.86973232000,4745.73272201000,155108,Y
155109.00000000000,Granddad,Y,37.40471652270,-119.60363898900,4142952.26100000000,269551.07100000000,Sierra,Bass Lake,1438.68674812000,4718.89253383000,155109,
155110.00000000000,Granddad,Y,37.40473694850,-119.60261942400,4142952.03500000000,269641.39200000000,Sierra,Bass Lake,1454.16056073000,4769.64663918000,155110,
1551112.00000000000,Granddad,N,37.41229446950,-119.60403775500,4143794.17000000000,269539.00400000000,Sierra,Bass Lake,1438.85221576000,4719.43526769000,1551112,155111
1551122.00000000000,Granddad,N,37.41278285810,-119.60389911000,4143848.02800000000,269552.77400000000,Sierra,Bass Lake,1445.74146290000,4742.03199831000,1551122,155112
1551132.00000000000,Granddad,N,37.41181437180,-119.60500698000,4143743.26400000000,269451.73800000000,Sierra,Bass Lake,1425.34244523000,4675.12322035000,1551132,155113
1551142.00000000000,Granddad,N,37.41095943630,-119.60495804800,4143648.27100000000,269453.44700000000,Sierra,Bass Lake,1437.20067525000,4714.01821482000,1551142,155114
1551152.00000000000,Granddad,N,37.41138724010,-119.60503327700,4143695.92900000000,269448.10000000000,Sierra,Bass Lake,1429.96065021000,4690.27093269000,1551152,155115
1510201.00000000000,Granddad,Y,37.41064285620,-119.60043714100,4143602.08800000000,269852.66400000000,Sierra,Bass Lake,1477.72239360000,4846.92945102000,1510201,
1510202.00000000000,Granddad,Y,37.41108857360,-119.60048922900,4143651.67700000000,269849.41800000000,Sierra,Bass Lake,1475.72771159000,4840.38689403000,1510202,
1510203.00000000000,Granddad,Y,37.41107983420,-119.60104467200,4143652.06400000000,269800.22400000000,Sierra,Bass Lake,1477.67907696000,4846.78737241000,1510203,
1510204.00000000000,Granddad,Y,37.41193047800,-119.60052971700,4143745.20300000000,269848.41200000000,Sierra,Bass Lake,1468.11038905000,4815.40207608000,1510204,
1510205.00000000000,Granddad,Y,37.41154850830,-119.60048862200,4143702.71500000000,269850.88000000000,Sierra,Bass Lake,1472.07232806000,4828.39723604000,1510205,
1510206.00000000000,Granddad,Y,37.42041505490,-119.58719498800,4144654.25700000000,271054.62200000000,Sierra,Bass Lake,1570.54240357000,5151.37908372000,1510206,Y
1510207.00000000000,Granddad,Y,37.42038829060,-119.58668184000,4144650.04000000000,271099.95800000000,Sierra,Bass Lake,1570.70413976000,5151.90957840000,1510207,Y
1510208.00000000000,Granddad,Y,37.41110788110,-119.59877379800,4143649.63100000000,270001.32500000000,Sierra,Bass Lake,1458.85039808000,4785.02930572000,1510208,
1510209.00000000000,Granddad,Y,37.41203948100,-119.59824333600,4143751.71700000000,270051.13100000000,Sierra,Bass Lake,1444.10052487000,4736.64972158000,1510209,
1510210.00000000000,Granddad,Y,37.41990194240,-119.58724790500,4144597.44500000000,271048.37500000000,Sierra,Bass Lake,1564.88201743000,5132.81301718000,1510210,Y
15102212.00000000000,Nelder Grove,N,37.42447747390,-119.58282610600,4145094.45900000000,271453.65900000000,Sierra,Bass Lake,1556.69004621000,5105.94335157000,15102212,
15102222.00000000000,Nelder Grove,N,37.42042174130,-119.58328290900,4144645.49900000000,271400.89100000000,Sierra,Bass Lake,1529.86830828000,5017.96805115000,15102222,
15102232.00000000000,Nelder Grove,N,37.42045023620,-119.58495425500,4144652.71800000000,271253.05100000000,Sierra,Bass Lake,1550.19668111000,5084.64511403000,15102232,
15102252.00000000000,Nelder Grove,N,37.42057909390,-119.58560428300,4144668.59600000000,271195.91100000000,Sierra,Bass Lake,1562.16452006000,5123.89962580000,15102252,
15102292.00000000000,Nelder Grove,N,37.42513149620,-119.58114826300,4145162.96700000000,271604.14100000000,Sierra,Bass Lake,1566.06213732000,5136.68381039000,15102292,
15102302.00000000000,Nelder Grove,N,37.42502507820,-119.58172779100,4145152.56300000000,271552.52800000000,Sierra,Bass Lake,1572.25517023000,5156.99695836000,15102302,
15102362.00000000000,Nelder Grove,N,37.41991237090,-119.58605094000,4144595.69400000000,271154.34800000000,Sierra,Bass Lake,1554.01172546000,5097.15845949000,15102362,
15102372.00000000000,Nelder Grove,N,37.41156744780,-119.59823761800,4143699.32100000000,270050.19300000000,Sierra,Bass Lake,1448.93605912000,4752.51027392000,15102372,
15102382.00000000000,Nelder Grove,N,37.41110382960,-119.59822664400,4143647.84600000000,270049.74600000000,Sierra,Bass Lake,1449.84293851000,4755.48483832000,15102382,
15102392.00000000000,Nelder Grove,N,37.41063287490,-119.59806984400,4143595.20100000000,270062.18500000000,Sierra,Bass Lake,1449.00207689000,4752.72681220000,15102392,
155131.00000000000,Pine Grove,Y,37.21253443200,-119.42234177400,4121198.79600000000,285053.57200000000,Sierra,Bass Lake,1380.64166903000,4528.50467443000,155131,Y
155132.00000000000,Pine Grove,Y,37.21254864720,-119.42181481100,4121199.17700000000,285100.38000000000,Sierra,Bass Lake,1375.86482168000,4512.83661510000,155132,Y
155133.00000000000,Pine Grove,Y,37.21211015800,-119.42063329200,4121147.83900000000,285203.99500000000,Sierra,Bass Lake,1370.40737892000,4494.93620287000,155133,Y
155134.00000000000,Pine Grove,Y,37.21208501560,-119.42124006100,4121146.42600000000,285150.07300000000,Sierra,Bass Lake,1377.70260351000,4518.86453952000,155134,Y
155135.00000000000,Pine Grove,Y,37.21122629870,-119.42122936100,4121051.11500000000,285148.58600000000,Sierra,Bass Lake,1374.74832707000,4509.17451279000,155135,Y
155136.00000000000,Pine Grove,Y,37.21168846400,-119.42124666100,4121102.43800000000,285148.36200000000,Sierra,Bass Lake,1380.06187266000,4526.60294233000,155136,Y
155137.00000000000,Pine Grove,Y,37.21166345960,-119.42174213100,4121100.78800000000,285104.31800000000,Sierra,Bass Lake,1381.26185831000,4530.53889526000,155137,Y
155138.00000000000,Pine Grove,Y,37.21208919730,-119.42235325700,4121149.41700000000,285051.28900000000,Sierra,Bass Lake,1384.79051048000,4542.11287437000,155138,Y
155139.00000000000,Pine Grove,Y,37.21209573780,-119.42183405000,4121148.96400000000,285097.38700000000,Sierra,Bass Lake,1381.67446683000,4531.89225120000,155139,
155140.00000000000,Pine Grove,Y,37.21170356340,-119.42066695400,4121102.79800000000,285199.85400000000,Sierra,Bass Lake,1374.10900775000,4507.07754541000,155140,
1551412.00000000000,Pine Grove,N,37.20714530180,-119.42190734300,4120599.81000000000,285076.83200000000,Sierra,Bass Lake,1297.99891299000,4257.43643460000,1551412,155141
1551422.00000000000,Pine Grove,N,37.20669628890,-119.42191362700,4120550.00000000000,285075.00000000000,Sierra,Bass Lake,1295.92063783000,4250.61969209000,1551422,155142
1551432.00000000000,Pine Grove,N,37.20668138090,-119.42136962700,4120547.11100000000,285123.24100000000,Sierra,Bass Lake,1293.92644309000,4244.07873335000,1551432,155143
1551442.00000000000,Pine Grove,N,37.20625125910,-119.42188291400,4120500.54800000000,285076.46300000000,Sierra,Bass Lake,1294.20117571000,4244.97985632000,1551442,155144
1551452.00000000000,Pine Grove,N,37.20584396800,-119.42188628400,4120455.36100000000,285075.00800000000,Sierra,Bass Lake,1292.46916163000,4239.29885015000,1551452,
1551462.00000000000,Pine Grove,N,37.20536358990,-119.42182093400,4120401.90800000000,285079.44500000000,Sierra,Bass Lake,1289.21289320000,4228.61828971000,1551462,155146
1551472.00000000000,Pine Grove,N,37.20620296600,-119.42132196400,4120493.91600000000,285126.11400000000,Sierra,Bass Lake,1294.75958220000,4246.81142960000,1551472,155147
1551482.00000000000,Pine Grove,N,37.20578872540,-119.42132671500,4120447.96100000000,285124.51700000000,Sierra,Bass Lake,1292.76410746000,4240.26627248000,1551482,155148
1551492.00000000000,Pine Grove,N,37.20532099620,-119.42128489300,4120395.96500000000,285126.90200000000,Sierra,Bass Lake,1287.60704126000,4223.35109534000,1551492,155149
1551502.00000000000,Pine Grove,N,37.20491610640,-119.42131052700,4120351.09500000000,285123.47800000000,Sierra,Bass Lake,1285.72484729000,4217.17749910000,1551502,
402201.00000000000,Virginia's burn,Y,37.03548455570,-119.28490721700,4101250.20200000000,296777.53400000000,Sierra,High Sierra,1346.32373479000,4415.94185013000,402201,
402202.00000000000,Virginia's burn,Y,37.03548218770,-119.28493563300,4101250.00000000000,296775.00000000000,Sierra,High Sierra,1346.57163238000,4416.75495420000,402202,
402203.00000000000,Virginia's burn,Y,37.03591745320,-119.28605409700,4101300.68800000000,296676.66900000000,Sierra,High Sierra,1358.15218758000,4454.73917526000,402203,
402204.00000000000,Virginia's burn,Y,37.03547421590,-119.28548731700,4101250.29500000000,296725.90400000000,Sierra,High Sierra,1349.57605007000,4426.60944422000,402204,
402205.00000000000,Virginia's burn,Y,37.03594031950,-119.28493257100,4101300.82700000000,296776.49400000000,Sierra,High Sierra,1359.82902877000,4460.23921437000,402205,
402206.00000000000,Virginia's burn,Y,37.03629798650,-119.28612499100,4101343.06300000000,296671.37800000000,Sierra,High Sierra,1361.01513028000,4464.12962733000,402206,
402207.00000000000,Virginia's burn,Y,37.03593170620,-119.28549789900,4101301.08000000000,296726.18300000000,Sierra,High Sierra,1360.90871952000,4463.78060001000,402207,
402208.00000000000,Virginia's burn,Y,37.03636695330,-119.28493463600,4101348.17000000000,296777.44800000000,Sierra,High Sierra,1368.75516296000,4489.51693452000,402208,
402209.00000000000,Virginia's burn,Y,37.03680241810,-119.28602357700,4101398.81700000000,296681.74500000000,Sierra,High Sierra,1363.12910421000,4471.06346182000,402209,
402210.00000000000,Virginia's burn,Y,37.03679442330,-119.28551441500,4101396.84100000000,296727.01500000000,Sierra,High Sierra,1370.80132944000,4496.22836056000,402210,
301000.00000000000,Studhorse North,N,37.53614368320,-119.62749155400,4157595.67800000000,267846.65900000000,Yosemite,,1342.53939388000,4403.52921192000,301000,Y
302000.00000000000,Studhorse North,N,37.53528151580,-119.62738666700,4157499.74100000000,267853.25300000000,Yosemite,,1353.83691013000,4440.58506522000,302000,Y
303000.00000000000,Studhorse North,N,37.53529561460,-119.62685818600,4157500.00000000000,267900.00000000000,Yosemite,,1353.66902828000,4440.03441275000,303000,
304000.00000000000,Studhorse North,N,37.53578808090,-119.62634613100,4157553.38600000000,267946.77900000000,Yosemite,,1347.36567466000,4419.35941287000,304000,Y
305000.00000000000,Studhorse North,N,37.53615352220,-119.62521445900,4157591.14600000000,268047.92000000000,Yosemite,,1342.91590442000,4404.76416650000,305000,Y
306000.00000000000,Studhorse North,N,37.53579852060,-119.62456739200,4157550.15300000000,268104.00200000000,Yosemite,,1352.99178619000,4437.81305870000,306000,
307000.00000000000,Studhorse North,N,37.53529442450,-119.62407802800,4157493.00400000000,268145.68600000000,Yosemite,,1367.21200762000,4484.45538501000,307000,Y
308000.00000000000,Studhorse North,N,37.53534266170,-119.62348748800,4157496.90000000000,268198.02300000000,Yosemite,,1364.55413399000,4475.73755950000,308000,Y
309000.00000000000,Studhorse North,N,37.53485685730,-119.62514500600,4157447.07900000000,268050.03800000000,Yosemite,,1373.99307314000,4506.69727989000,309000,
310000.00000000000,Studhorse North,N,37.53487057150,-119.62571170100,4157450.00000000000,268000.00000000000,Yosemite,,1368.38202731000,4488.29304957000,310000,
311000.00000000000,Studhorse North,N,37.53221119320,-119.62448004200,4157151.83900000000,268100.60400000000,Yosemite,,1421.62107730000,4662.91713356000,311000,Y
312000.00000000000,Studhorse North,N,37.53227966320,-119.62106099600,4157151.00500000000,268402.97800000000,Yosemite,,1430.46320188000,4691.91930218000,312000,Y
313000.00000000000,Studhorse North,N,37.53225505850,-119.61992692100,4157145.48000000000,268503.12700000000,Yosemite,,1426.10072837000,4677.61038906000,313000,
314000.00000000000,Studhorse North,N,37.53179272080,-119.61938667300,4157092.84200000000,268549.44200000000,Yosemite,,1432.79987078000,4699.58357617000,314000,
316000.00000000000,Studhorse North,N,37.54081085410,-119.62193428100,4158099.89400000000,268352.21500000000,Yosemite,,1276.27986300000,4186.19795064000,316000,
317000.00000000000,Studhorse North,N,37.53989022120,-119.62132258600,4157996.22000000000,268403.41800000000,Yosemite,,1277.36732825000,4189.76483667000,317000,
318000.00000000000,Studhorse North,N,37.53942046460,-119.62077713400,4157942.74500000000,268450.16400000000,Yosemite,,1281.01700897000,4201.73578943000,318000,
319000.00000000000,Studhorse North,N,37.53905283180,-119.62017392000,4157900.46100000000,268502.33100000000,Yosemite,,1283.42921425000,4209.64782274000,319000,
320000.00000000000,Studhorse North,N,37.54041301590,-119.62135569200,4158054.31800000000,268402.11100000000,Yosemite,,1278.47182963000,4193.38760118000,320000,
241000.00000000000,Studhorse North,Y,37.53304452810,-119.62733915100,4157251.37700000000,267850.51200000000,Yosemite,,1388.30081872000,4553.62668540000,241000,Y
242000.00000000000,Studhorse North,Y,37.53304911230,-119.62792245000,4157253.32700000000,267798.97700000000,Yosemite,,1392.04207012000,4565.89799000000,242000,
243000.00000000000,Studhorse North,Y,37.53389365480,-119.62792571700,4157347.05700000000,267801.30900000000,Yosemite,,1377.57472661000,4518.44510327000,243000,
244000.00000000000,Studhorse North,Y,37.53476580140,-119.62794745900,4157443.89600000000,267802.09400000000,Yosemite,,1363.89119736000,4473.56312733000,244000,
245000.00000000000,Studhorse North,Y,37.53430851080,-119.62904879200,4157395.87100000000,267703.34600000000,Yosemite,,1379.14344899000,4523.59051269000,245000,Y
247000.00000000000,Studhorse North,Y,37.53339177810,-119.63075445800,4157298.35600000000,267549.76200000000,Yosemite,,1393.14358828000,4569.51096954000,247000,Y
248000.00000000000,Studhorse North,Y,37.53383574610,-119.63078244300,4157347.69400000000,267548.66800000000,Yosemite,,1389.44488700000,4557.37922935000,248000,Y
249000.00000000000,Studhorse North,Y,37.53429568300,-119.63077682800,4157398.72100000000,267550.59300000000,Yosemite,,1381.41433139000,4531.03900697000,249000,Y
250000.00000000000,Studhorse North,Y,37.53522607030,-119.62967691100,4157499.24900000000,267650.68600000000,Yosemite,,1367.72592218000,4486.14102476000,250000,
251000.00000000000,Studhorse North,Y,37.53564917640,-119.63024758600,4157547.61400000000,267601.56800000000,Yosemite,,1364.97519219000,4477.11863038000,251000,
252000.00000000000,Studhorse North,Y,37.53608935390,-119.63083491400,4157597.91500000000,267551.03200000000,Yosemite,,1356.72331415000,4450.05247042000,252000,
253000.00000000000,Studhorse North,Y,37.53609623940,-119.63199186100,4157601.54200000000,267448.81200000000,Yosemite,,1350.02926228000,4428.09598028000,253000,
254000.00000000000,Studhorse North,Y,37.53512209950,-119.63198052700,4157493.41000000000,267446.78600000000,Yosemite,,1364.39160845000,4475.20447571000,254000,
255000.00000000000,Studhorse North,Y,37.53553548320,-119.63359909500,4157543.29200000000,267305.03400000000,Yosemite,,1358.06867018000,4454.46523820000,255000,
256000.00000000000,Studhorse North,Y,37.53510391370,-119.63417842200,4157496.83400000000,267252.49500000000,Yosemite,,1363.30703495000,4471.64707465000,256000,
257000.00000000000,Studhorse North,Y,37.53422536400,-119.63362407600,4157397.96500000000,267298.75200000000,Yosemite,,1378.44161687000,4521.28850333000,257000,
258000.00000000000,Studhorse North,Y,37.53384181730,-119.63299595600,4157353.84600000000,267353.06900000000,Yosemite,,1385.48709310000,4544.39766536000,258000,
259000.00000000000,Studhorse North,Y,37.53426264950,-119.63247072600,4157399.24700000000,267400.79400000000,Yosemite,,1379.93781043000,4526.19601821000,259000,
260000.00000000000,Studhorse North,Y,37.53384178210,-119.63189227500,4157351.11000000000,267450.60600000000,Yosemite,,1386.34235856000,4547.20293609000,260000,
121000.00000000000,Studhorse South,Y,37.53166879630,-119.62786241100,4157100.00000000000,267800.00000000000,Yosemite,,1390.44193685000,4560.64955287000,121000,
122000.00000000000,Studhorse South,Y,37.53120600140,-119.62841191700,4157050.00000000000,267750.00000000000,Yosemite,,1386.67407690000,4548.29097224000,122000,
123000.00000000000,Studhorse South,Y,37.53164448420,-119.62896372200,4157100.02400000000,267702.59400000000,Yosemite,,1391.86157093000,4565.30595266000,123000,
124000.00000000000,Studhorse South,Y,37.53165620690,-119.62842772700,4157100.00000000000,267750.00000000000,Yosemite,,1390.30593907000,4560.20348015000,124000,
125000.00000000000,Studhorse South,Y,37.53118073730,-119.62948940400,4157049.86000000000,267654.69600000000,Yosemite,,1390.90788406000,4562.17785973000,125000,
126000.00000000000,Studhorse South,Y,37.53117631420,-119.63010118100,4157050.88200000000,267600.61500000000,Yosemite,,1388.28600085000,4553.57808278000,126000,
127000.00000000000,Studhorse South,Y,37.53076241840,-119.62951098400,4157003.49100000000,267651.49000000000,Yosemite,,1385.04818553000,4542.95804854000,127000,
128000.00000000000,Studhorse South,Y,37.53028185830,-119.63006762400,4156951.53800000000,267600.80300000000,Yosemite,,1379.39269069000,4524.40802547000,128000,
129000.00000000000,Studhorse South,Y,37.53116692060,-119.63067747900,4157051.26500000000,267549.65400000000,Yosemite,,1386.65309159000,4548.22214042000,129000,
130000.00000000000,Studhorse South,Y,37.53064191510,-119.63062159700,4156992.86500000000,267552.96200000000,Yosemite,,1380.95246803000,4529.52409513000,130000,
131000.00000000000,Studhorse South,Y,37.53069870520,-119.63176411300,4157001.99400000000,267452.16500000000,Yosemite,,1368.53488382000,4488.79441894000,131000,
132000.00000000000,Studhorse South,Y,37.53106916740,-119.63237802600,4157044.62500000000,267399.06000000000,Yosemite,,1367.56642672000,4485.61787963000,132000,
133000.00000000000,Studhorse South,Y,37.53153871120,-119.63341687400,4157099.30400000000,267308.70900000000,Yosemite,,1367.51876936000,4485.46156350000,133000,
134000.00000000000,Studhorse South,Y,37.53199403620,-119.63293340700,4157148.63600000000,267352.85200000000,Yosemite,,1380.56420934000,4528.25060662000,134000,
135000.00000000000,Studhorse South,Y,37.53242265590,-119.63464961200,4157200.45200000000,267202.51300000000,Yosemite,,1368.97541403000,4490.23935802000,135000,
136000.00000000000,Studhorse South,Y,37.53279076620,-119.63414680600,4157240.05700000000,267248.09400000000,Yosemite,,1383.65607049000,4538.39191122000,136000,
137000.00000000000,Studhorse South,Y,37.53243488230,-119.63355076300,4157199.08700000000,267299.66300000000,Yosemite,,1381.99054103000,4532.92897458000,137000,
138000.00000000000,Studhorse South,Y,37.53291571870,-119.63355795100,4157252.46500000000,267300.52300000000,Yosemite,,1389.93708060000,4558.99362436000,138000,
139000.00000000000,Studhorse South,Y,37.53198818110,-119.63179164300,4157145.16000000000,267453.73900000000,Yosemite,,1390.35305040000,4560.35800532000,139000,
140000.00000000000,Studhorse South,Y,37.53160387930,-119.63124744900,4157101.16600000000,267500.63900000000,Yosemite,,1386.49055612000,4547.68902408000,140000,
