PlotsOrig2016,PlotsMod2016,Plots2017,Location,Treated,Latitude,Longitude,UTM_N_Corr,UTM_E_Corr,Forest,District,Elevation_,Elevation1,PlotID,Completed?
109002,109002,109002,South Fork,Y,38.12008925,-120.1288987,4223033.965,751688.698,Stanislaus,MiWok,1539.631205,5049.990352,109002,
109004,109004,109004,South Fork,Y,38.1165719,-120.1315823,4222636.301,751465.476,Stanislaus,MiWok,1515.25929,4970.050471,109004,
109005,109005,109005,South Fork,Y,38.11926422,-120.129463,4222940.865,751642.052,Stanislaus,MiWok,1533.731271,5030.638567,109005,
109006,109006,109006,South Fork,Y,38.12110394,-120.1283352,4223148.113,751734.62,Stanislaus,MiWok,1540.092361,5051.502944,109006,
109007,109007,109007,South Fork,Y,38.11774026,-120.1281073,4222775.405,751766.165,Stanislaus,MiWok,1485.261317,4871.65712,109007,
109008,109008,109008,South Fork,Y,38.11937743,-120.1271509,4222959.708,751844.393,Stanislaus,MiWok,1493.975989,4900.241243,109008,
109009,109009,109009,South Fork,Y,38.121275,-120.1260877,4223173.203,751931.089,Stanislaus,MiWok,1506.625154,4941.730505,109009,
109010,109010,109010,South Fork,Y,38.12211632,-120.1261342,4223266.453,751924.123,Stanislaus,MiWok,1519.600902,4984.290958,109010,
155101,155101,155101,Granddad,Y,37.40787734,-119.6032039,4143301.957,269599.274,Sierra,Bass Lake,1464.737258,4804.338206,155101,
155102,155102,155102,Granddad,Y,37.40785207,-119.6037851,4143300.574,269547.751,Sierra,Bass Lake,1449.384261,4753.980376,155102,
155103,155103,155103,Granddad,Y,37.40778244,-119.6043012,4143294.109,269501.848,Sierra,Bass Lake,1437.108665,4713.71642,155103,Y
155104,155104,155104,Granddad,Y,37.40740714,-119.6042253,4143252.276,269507.418,Sierra,Bass Lake,1437.768842,4715.881802,155104,Y
155105,155105,155105,Granddad,Y,37.40742452,-119.6037155,4143252.958,269552.596,Sierra,Bass Lake,1447.984297,4749.388494,155105,Y
155106,155106,155106,Granddad,Y,37.40831123,-119.6032244,4143350.156,269598.791,Sierra,Bass Lake,1453.295126,4766.808012,155106,Y
155107,155107,155107,Granddad,Y,37.40824898,-119.6037556,4143344.547,269551.581,Sierra,Bass Lake,1441.919485,4729.495912,155107,Y
155108,155108,155108,Granddad,Y,37.40470784,-119.6030786,4142949.927,269600.656,Sierra,Bass Lake,1446.869732,4745.732722,155108,Y
1551112,155111,155111,Granddad,N,37.41229447,-119.6040378,4143794.17,269539.004,Sierra,Bass Lake,1438.852216,4719.435268,1551112,Y
1551122,155112,155112,Granddad,N,37.41278286,-119.6038991,4143848.028,269552.774,Sierra,Bass Lake,1445.741463,4742.031998,1551122,Y
1551132,155113,155113,Granddad,N,37.41181437,-119.605007,4143743.264,269451.738,Sierra,Bass Lake,1425.342445,4675.12322,1551132,
1551142,155114,155114,Granddad,N,37.41095944,-119.604958,4143648.271,269453.447,Sierra,Bass Lake,1437.200675,4714.018215,1551142,
1551152,155115,155115,Granddad,N,37.41138724,-119.6050333,4143695.929,269448.1,Sierra,Bass Lake,1429.96065,4690.270933,1551152,
155131,155131,155131,Pine Grove,Y,37.21253443,-119.4223418,4121198.796,285053.572,Sierra,Bass Lake,1380.641669,4528.504674,155131,
155132,155132,155132,Pine Grove,Y,37.21254865,-119.4218148,4121199.177,285100.38,Sierra,Bass Lake,1375.864822,4512.836615,155132,
155133,155133,155133,Pine Grove,Y,37.21211016,-119.4206333,4121147.839,285203.995,Sierra,Bass Lake,1370.407379,4494.936203,155133,
155134,155134,155134,Pine Grove,Y,37.21208502,-119.4212401,4121146.426,285150.073,Sierra,Bass Lake,1377.702604,4518.86454,155134,
155135,155135,155135,Pine Grove,Y,37.2112263,-119.4212294,4121051.115,285148.586,Sierra,Bass Lake,1374.748327,4509.174513,155135,
155136,155136,155136,Pine Grove,Y,37.21168846,-119.4212467,4121102.438,285148.362,Sierra,Bass Lake,1380.061873,4526.602942,155136,
155137,155137,155137,Pine Grove,Y,37.21166346,-119.4217421,4121100.788,285104.318,Sierra,Bass Lake,1381.261858,4530.538895,155137,
155138,155138,155138,Pine Grove,Y,37.2120892,-119.4223533,4121149.417,285051.289,Sierra,Bass Lake,1384.79051,4542.112874,155138,
1551412,155141,155141,Pine Grove,N,37.2071453,-119.4219073,4120599.81,285076.832,Sierra,Bass Lake,1297.998913,4257.436435,1551412,
1551422,155142,155142,Pine Grove,N,37.20669629,-119.4219136,4120550,285075,Sierra,Bass Lake,1295.920638,4250.619692,1551422,
1551432,155143,155143,Pine Grove,N,37.20668138,-119.4213696,4120547.111,285123.241,Sierra,Bass Lake,1293.926443,4244.078733,1551432,
1551442,155144,155144,Pine Grove,N,37.20625126,-119.4218829,4120500.548,285076.463,Sierra,Bass Lake,1294.201176,4244.979856,1551442,
1551462,155146,155146,Pine Grove,N,37.20536359,-119.4218209,4120401.908,285079.445,Sierra,Bass Lake,1289.212893,4228.61829,1551462,
1551472,155147,155147,Pine Grove,N,37.20620297,-119.421322,4120493.916,285126.114,Sierra,Bass Lake,1294.759582,4246.81143,1551472,
1551482,155148,155148,Pine Grove,N,37.20578873,-119.4213267,4120447.961,285124.517,Sierra,Bass Lake,1292.764107,4240.266272,1551482,
1551492,155149,155149,Pine Grove,N,37.205321,-119.4212849,4120395.965,285126.902,Sierra,Bass Lake,1287.607041,4223.351095,1551492,
155151,155151,155151,Foster16,Y,37.25913285,-119.389486,4126295.436,288100.052,Sierra,Bass Lake,1623.694421,5325.717702,155151,
155152,155152,155152,Foster16,Y,37.25958163,-119.389544,4126345.365,288096.163,Sierra,Bass Lake,1631.49201,5351.293794,155152,
155153,155153,155153,Foster16,Y,37.26006769,-119.3895191,4126399.244,288099.734,Sierra,Bass Lake,1637.397348,5370.6633,155153,
155154,155154,155154,Foster16,Y,37.25961126,-119.3888814,4126347.168,288155.014,Sierra,Bass Lake,1633.113154,5356.611144,155154,Y
155155,155155,155155,Foster16,Y,37.26052267,-119.3889714,4126448.504,288149.583,Sierra,Bass Lake,1648.951098,5408.559603,155155,Y
155156,155156,155156,Foster16,Y,37.2596837,-119.3861533,4126349.099,288397.18,Sierra,Bass Lake,1651.117612,5415.665766,155156,Y
155157,155157,155157,Foster16,Y,37.25965527,-119.3866798,4126347.122,288350.409,Sierra,Bass Lake,1652.84535,5421.33275,155157,Y
155158,155158,155158,Foster16,Y,37.2592282,-119.3866482,4126299.662,288352.009,Sierra,Bass Lake,1642.210407,5386.450134,155158,Y
1551612,155161,155161,Foster16,N,37.25295867,-119.3852941,4125600.94,288454.572,Sierra,Bass Lake,1565.257932,5134.046017,1551612,Y
1551622,155162,155162,Foster16,N,37.25296643,-119.3846815,4125600.432,288508.932,Sierra,Bass Lake,1564.745117,5132.363985,1551622,Y
1551632,155163,155163,Foster16,N,37.25296544,-119.3842124,4125599.273,288550.54,Sierra,Bass Lake,1564.916946,5132.927585,1551632,Y
1551642,155164,155164,Foster16,N,37.252439,-119.3853257,4125543.347,288450.315,Sierra,Bass Lake,1550.381564,5085.251531,1551642,
1551652,155165,155165,Foster16,N,37.25251237,-119.3858542,4125552.67,288403.64,Sierra,Bass Lake,1563.527656,5128.370712,1551652,
1551662,155166,155166,Foster16,N,37.2525666,-119.3846628,4125556.023,288509.466,Sierra,Bass Lake,1553.206916,5094.518684,1551662,Y
1551672,155167,155167,Foster16,N,37.25254133,-119.3841762,4125552.131,288552.562,Sierra,Bass Lake,1553.978951,5097.05096,1551672,Y
1551682,155168,155168,Foster16,N,37.25201735,-119.3852149,4125496.311,288458.965,Sierra,Bass Lake,1543.051433,5061.208702,1551682,Y
167601,167601,167601,Long Shanahan,Y,37.82161857,-120.1708869,4189795.15,749014.352,Stanislaus,Groveland,948.2105374,3110.130563,167601,Y
167603,167603,167603,Long Shanahan,Y,37.8213551,-120.1738123,4189758.109,748757.695,Stanislaus,Groveland,971.3859318,3186.145856,167603,Y
167605,167605,167605,Long Shanahan,Y,37.81914368,-120.176185,4189506.36,748556.239,Stanislaus,Groveland,1004.695671,3295.4018,167605,Y
167606,167606,167606,Long Shanahan,Y,37.82092542,-120.1761321,4189704.242,748554.916,Stanislaus,Groveland,971.8994495,3187.830194,167606,Y
167616,167616,167616,Long Shanahan,Y,37.8195336,-120.1756512,4189551.055,748601.923,Stanislaus,Groveland,996.0952907,3267.192554,167616,Y
167621,167621,167621,Long Shanahan,Y,37.82130517,-120.1744025,4189750.995,748705.909,Stanislaus,Groveland,967.4418243,3173.209184,167621,
167625,167625,167625,Long Shanahan,Y,37.82170916,-120.1727064,4189800.351,748853.871,Stanislaus,Groveland,965.2322585,3165.961808,167625,
167644,167644,167644,Long Shanahan,Y,37.82254059,-120.1699946,4189899.859,749089.803,Stanislaus,Groveland,937.3590455,3074.537669,167644,
241000,241000,241000,Studhorse North,Y,37.53304453,-119.6273392,4157251.377,267850.512,Yosemite,,1388.300819,4553.626685,241000,
242000,242000,242000,Studhorse North,Y,37.53304911,-119.6279225,4157253.327,267798.977,Yosemite,,1392.04207,4565.89799,242000,
243000,243000,243000,Studhorse North,Y,37.53389365,-119.6279257,4157347.057,267801.309,Yosemite,,1377.574727,4518.445103,243000,
244000,244000,245000,Studhorse North,Y,37.5347658,-119.6279475,4157443.896,267802.094,Yosemite,,1363.891197,4473.563127,244000,
247000,247000,247000,Studhorse North,Y,37.53339178,-119.6307545,4157298.356,267549.762,Yosemite,,1393.143588,4569.51097,247000,
248000,248000,248000,Studhorse North,Y,37.53383575,-119.6307824,4157347.694,267548.668,Yosemite,,1389.444887,4557.379229,248000,Y
249000,249000,249000,Studhorse North,Y,37.53429568,-119.6307768,4157398.721,267550.593,Yosemite,,1381.414331,4531.039007,249000,Y
301000,301000,301000,Studhorse North,N,37.53614368,-119.6274916,4157595.678,267846.659,Yosemite,,1342.539394,4403.529212,301000,
302000,302000,302000,Studhorse North,N,37.53528152,-119.6273867,4157499.741,267853.253,Yosemite,,1353.83691,4440.585065,302000,
304000,304000,304000,Studhorse North,N,37.53578808,-119.6263461,4157553.386,267946.779,Yosemite,,1347.365675,4419.359413,304000,Y
305000,305000,305000,Studhorse North,N,37.53615352,-119.6252145,4157591.146,268047.92,Yosemite,,1342.915904,4404.764167,305000,
307000,307000,307000,Studhorse North,N,37.53529442,-119.624078,4157493.004,268145.686,Yosemite,,1367.212008,4484.455385,307000,Y
308000,308000,308000,Studhorse North,N,37.53534266,-119.6234875,4157496.9,268198.023,Yosemite,,1364.554134,4475.73756,308000,
311000,311000,311000,Studhorse North,N,37.53221119,-119.62448,4157151.839,268100.604,Yosemite,,1421.621077,4662.917134,311000,Y
312000,312000,312000,Studhorse North,N,37.53227966,-119.621061,4157151.005,268402.978,Yosemite,,1430.463202,4691.919302,312000,Y
362002,362002,362002,Lincoln,Y,38.65839137,-120.4595378,4281931.478,721053.006,Eldorado,Pacific,1548.720523,5079.803316,362002,Y
362012,362012,362012,Lincoln,Y,38.65969004,-120.4594487,4282075.83,721056.761,Eldorado,Pacific,1546.615772,5072.899731,362012,Y
362014,362014,362014,Lincoln,Y,38.65774937,-120.470402,4281834.075,720109.509,Eldorado,Pacific,1536.35514,5039.244858,362014,Y
362015,362015,362015,Lincoln,Y,38.65816932,-120.4704502,4281880.569,720104.025,Eldorado,Pacific,1538.575598,5046.527961,362015,Y
362026,362026,362026,Lincoln,Y,38.65905906,-120.4698234,4281980.825,720155.85,Eldorado,Pacific,1540,5051.2,362026,Y
362027,362027,362027,Lincoln,Y,38.65904121,-120.4692446,4281980.235,720206.272,Eldorado,Pacific,1539.962707,5051.077679,362027,
362034,362034,362034,Lincoln,Y,38.6594044,-120.4686413,4282021.994,720257.663,Eldorado,Pacific,1540,5051.2,362034,
362035,362035,362035,Lincoln,Y,38.65932563,-120.4599757,4282034.114,721012.023,Eldorado,Pacific,1548.090253,5077.736031,362035,
402000,402000,402000,Lily gap phase 1,Y,38.4205346,-120.4989051,4255438.447,718345.5,BLM,,977.5077196,3206.22532,402000,Y
404000,404000,404000,Lily gap phase 1,Y,38.42098507,-120.4988068,4255488.676,718352.73,BLM,,987.9650548,3240.52538,404000,Y
405201,405201,405201,Barnes Mountain,Y,37.03402434,-119.2413305,4100995.912,300650.036,Sierra,High Sierra,1070.275651,3510.504135,405201,Y
405202,405202,405202,Barnes Mountain,Y,37.03363615,-119.2412787,4100952.731,300653.63,Sierra,High Sierra,1078.111024,3536.204159,405202,Y
405204,405204,405204,Barnes Mountain,Y,37.03270601,-119.2413245,4100849.621,300647.123,Sierra,High Sierra,1092.332754,3582.851435,405204,
405205,405205,405205,Barnes Mountain,Y,37.03406022,-119.2418915,4101001.07,300600.225,Sierra,High Sierra,1069.655268,3508.469278,405205,
405206,405206,405206,Barnes Mountain,Y,37.03361638,-119.2418371,4100951.708,300603.903,Sierra,High Sierra,1080.279594,3543.317067,405206,
405207,405207,405207,Barnes Mountain,Y,37.03316728,-119.2418735,4100901.954,300599.492,Sierra,High Sierra,1095.567507,3593.461425,405207,
405208,405208,405208,Barnes Mountain,Y,37.03271111,-119.2418444,4100851.277,300600.885,Sierra,High Sierra,1103.23441,3618.608865,405208,
405210,405210,405210,Barnes Mountain,Y,37.03361822,-119.2402044,4100948.489,300749.146,Sierra,High Sierra,1067.443183,3501.213642,405210,
410000,410000,410000,Lily gap phase 1,Y,38.42145022,-120.498368,4255541.34,718389.6353,BLM,,1000.382482,3281.254539,410000,
411000,411000,411000,Lily gap phase 1,Y,38.42142194,-120.4977661,4255539.629,718442.278,BLM,,1001.081764,3283.548184,411000,
414000,414000,414000,Lily gap phase 1,Y,38.42185092,-120.5018402,4255577.586,718085.267,BLM,,957.1982487,3139.610256,414000,
432000,432000,432000,Lily gap phase 1,Y,38.41801862,-120.4960429,4255166,718603,BLM,,972.806042,3190.803818,432000,
435000,435000,435000,Lily gap phase 1,Y,38.41863601,-120.4960186,4255234.579,718603.26,BLM,,967.5603919,3173.598086,435000,
439000,439000,439000,Lily gap phase 1,Y,38.41915958,-120.4954652,4255294,718650,BLM,,976.712949,3203.618473,439000,Y
561000,561000,561000,Lily gap phase 2,N,38.4374321,-120.4856147,4257345.395,719454.739,BLM,,1148.689892,3767.702847,561000,Y
562000,562000,562000,Lily gap phase 2,N,38.43778439,-120.4852509,4257385.36,719485.426,BLM,,1148.828653,3768.157981,562000,
564000,564000,564000,Lily gap phase 2,N,38.43809884,-120.4886648,4257412.129,719186.475,BLM,,1132.795887,3715.570511,564000,Y
570000,570000,570000,Lily gap phase 2,N,38.43858665,-120.4875862,4257468.836,719279.1444,BLM,,1139.413437,3737.276073,570000,Y
632000,632000,632000,Bummerville,N,38.40710372,-120.502001,4253940.5,718115.598,BLM,,911.7603054,2990.573802,632000,
634000,634000,634000,Bummerville,N,38.40754838,-120.5020213,4253989.802,718112.4886,BLM,,915.4226266,3002.586215,634000,Y
636000,636000,636000,Bummerville,N,38.40844299,-120.5020235,4254089.084,718109.6,BLM,,925.7114301,3036.333491,636000,Y
637000,637000,637000,Bummerville,N,38.40889774,-120.5020304,4254139.538,718107.6345,BLM,,931.3278704,3054.755415,637000,
1090012,1090012,1090012,South Fork,N,38.11205473,-120.1303058,4222138.414,751592.913,Stanislaus,MiWok,1474.209667,4835.407706,1090012,
1090042,1090042,1090042,South Fork,N,38.11296484,-120.1291785,4222242.484,751688.643,Stanislaus,MiWok,1476.87561,4844.152,1090042,Y
1090082,1090082,1090082,South Fork,N,38.1120839,-120.1314075,4222138.663,751496.207,Stanislaus,MiWok,1457.685377,4781.208038,1090082,Y
1090092,1090092,1090092,South Fork,N,38.11294864,-120.1303039,4222237.632,751590.017,Stanislaus,MiWok,1457.272656,4779.85431,1090092,
1090122,1090122,1090122,South Fork,N,38.11414661,-120.1363693,4222354.153,751054.044,Stanislaus,MiWok,1509.453935,4951.008905,1090122,
1090132,1090132,1090132,South Fork,N,38.11298092,-120.1368044,4222223.598,751019.88,Stanislaus,MiWok,1491.791999,4893.077758,1090132,
1090142,1090142,1090142,South Fork,N,38.11283847,-120.1359875,4222210,751092,Stanislaus,MiWok,1484.007444,4867.544416,1090142,
1090152,1090152,1090152,South Fork,N,38.11376321,-120.1337774,4222318.621,751282.633,Stanislaus,MiWok,1479.062054,4851.323537,1090152,
1510206,1510206,1510206,Granddad,Y,37.42041505,-119.587195,4144654.257,271054.622,Sierra,Bass Lake,1570.542404,5151.379084,1510206,
1510207,1510207,1510207,Granddad,Y,37.42038829,-119.5866818,4144650.04,271099.958,Sierra,Bass Lake,1570.70414,5151.909578,1510207,
1510210,1510210,1510210,Granddad,Y,37.41990194,-119.5872479,4144597.445,271048.375,Sierra,Bass Lake,1564.882017,5132.813017,1510210,Y
1676112,1676112,1676112,Long Shanahan,N,37.81646678,-120.1627391,4189245.159,749749.035,Stanislaus,Groveland,965.6624819,3167.372941,1676112,Y
1676122,1676122,1676122,Long Shanahan,N,37.81692007,-120.1627371,4189295.471,749747.676,Stanislaus,Groveland,962.4066717,3156.693883,1676122,Y
1676132,1676132,1676132,Long Shanahan,N,37.81739667,-120.1627311,4189348.381,749746.597,Stanislaus,Groveland,956.0264843,3135.766868,1676132,Y
1676142,1676142,1676142,Long Shanahan,N,37.81692408,-120.163319,4189294.36,749696.436,Stanislaus,Groveland,962.1697425,3155.916755,1676142,Y
1676152,1676152,1676152,Long Shanahan,N,37.81650624,-120.1605063,4189255.514,749945.477,Stanislaus,Groveland,944.4147354,3097.680332,1676152,Y
1676502,1676502,1676502,Long Shanahan,N,37.81593576,-120.1616394,4189189.167,749847.646,Stanislaus,Groveland,964.1469472,3162.401987,1676502,Y
1676522,1676522,1676522,Long Shanahan,N,37.815988,-120.1606865,4189197.515,749931.363,Stanislaus,Groveland,951.3222769,3120.337068,1676522,Y
1676582,1676582,1676582,Long Shanahan,N,37.81852674,-120.1614297,4189477.282,749857.366,Stanislaus,Groveland,931.854416,3056.482484,1676582,
1760101,1760101,1760101,Omanuel Multiprod,Y,38.22000746,-120.3910118,4233444.184,728394.863,Stanislaus,Calaveras,1068.115047,3503.417354,1760101,
1760106,1760106,1760106,Omanuel Multiprod,Y,38.22045055,-120.389207,4233497.816,728551.494,Stanislaus,Calaveras,1109.267621,3638.397798,1760106,
1760116,1760116,1760116,Omanuel Multiprod,Y,38.22128138,-120.3880941,4233592.774,728646.33,Stanislaus,Calaveras,1131.811061,3712.340281,1760116,
1760118,1760118,1760118,Omanuel Multiprod,Y,38.22126816,-120.3869258,4233594.195,728748.665,Stanislaus,Calaveras,1135.849593,3725.586666,1760118,
1760606,1760606,1760606,Omanuel Multiprod,Y,38.20467354,-120.390378,4231743.939,728498.332,Stanislaus,Calaveras,1167.630384,3829.82766,1760606,
1760611,1760611,1760611,Omanuel Multiprod,Y,38.20512117,-120.389815,4231795.008,728546.241,Stanislaus,Calaveras,1164.391471,3819.204024,1760611,Y
1760613,1760613,1760613,Omanuel Multiprod,Y,38.20554702,-120.3903327,4231840.992,728499.567,Stanislaus,Calaveras,1172.455573,3845.65428,1760613,
1760622,1760622,1760622,Omanuel Multiprod,Y,38.20644731,-120.3880865,4231946.457,728693.46,Stanislaus,Calaveras,1172.70786,3846.481782,1760622,
3620022,3620022,3620022,Lincoln,N,38.65501308,-120.4636579,4281546.597,720704.83,Eldorado,Pacific,1517.060582,4975.958709,3620022,
3620032,3620032,3620032,Lincoln,N,38.65499546,-120.4630893,4281546.01,720754.367,Eldorado,Pacific,1518.189811,4979.662581,3620032,
3620042,3620042,3620042,Lincoln,N,38.65506674,-120.4625625,4281555.19,720799.99,Eldorado,Pacific,1520.065029,4985.813296,3620042,
3620062,3620062,3620062,Lincoln,N,38.65507201,-120.4613362,4281558.73,720906.702,Eldorado,Pacific,1521.678716,4991.106189,3620062,
3620072,3620072,3620072,Lincoln,N,38.65503782,-120.4607926,4281556.246,720954.117,Eldorado,Pacific,1525.761283,5004.497008,3620072,
3620252,3620252,3620252,Lincoln,N,38.65637287,-120.4644143,4281695.696,720634.823,Eldorado,Pacific,1535.359771,5035.980048,3620252,
3620082,3620082,3620282,Lincoln,N,38.65508499,-120.4602244,4281562.851,721003.425,Eldorado,Pacific,1532.207222,5025.639688,3620082,
3620302,3620302,3620302,Lincoln,N,38.65637505,-120.4609332,4281704.324,720937.769,Eldorado,Pacific,1536.161959,5038.611226,3620302,
4022012,4022012,4022012,Blue Canyon3C,N,37.03435855,-119.2233128,4100995.365,302253.669,Sierra,High Sierra,1248.06381,4093.649296,4022012,Y
4022022,4022022,4022022,Blue Canyon3C,N,37.03482809,-119.2233342,4101047.509,302252.986,Sierra,High Sierra,1248.684455,4095.685011,4022022,
4022042,4022042,4022042,Blue Canyon3C,N,37.03578385,-119.2233725,4101153.637,302252.058,Sierra,High Sierra,1254.29765,4114.096293,4022042,Y
4022052,4022052,4022052,Blue Canyon3C,N,37.03445104,-119.2227528,4101004.463,302303.722,Sierra,High Sierra,1256.525075,4121.402246,4022052,Y
4022062,4022062,4022062,Blue Canyon3C,N,37.03485427,-119.2227716,4101049.243,302303.098,Sierra,High Sierra,1256.337629,4120.787423,4022062,
4022072,4022072,4022072,Blue Canyon3C,N,37.03531851,-119.2228009,4101100.815,302301.693,Sierra,High Sierra,1254.450328,4114.597076,4022072,Y
4022082,4022082,4022082,Blue Canyon3C,N,37.03598418,-119.2228426,4101174.762,302299.71,Sierra,High Sierra,1261.801793,4138.70988,4022082,Y
4022092,4022092,4022092,Blue Canyon3C,N,37.03440894,-119.2221813,4100998.603,302354.449,Sierra,High Sierra,1256.035764,4119.797305,4022092,Y
17601032,17601032,17601032,Omanuel Multiprod controls,N,38.22007074,-120.3943843,4233442.888,728099.38,Stanislaus,Calaveras,1008.925489,3309.275605,17601032,Y
17601072,17601072,17601072,Omanuel Multiprod controls,N,38.22955226,-120.3962434,4234490.598,727906.995,Stanislaus,Calaveras,1037.730284,3403.75533,17601072,Y
17601092,17601092,17601092,Omanuel Multiprod controls,N,38.22957875,-120.3940179,4234499.023,728101.74,Stanislaus,Calaveras,1108.848956,3637.024577,17601092,
17601112,17601112,17601112,Omanuel Multiprod controls,N,38.22949637,-120.3929265,4234492.572,728197.546,Stanislaus,Calaveras,1150.380991,3773.249651,17601112,Y
17601132,17601132,17601132,Omanuel Multiprod controls,N,38.2299297,-120.3940202,4234537.968,728100.449,Stanislaus,Calaveras,1106.735903,3630.093763,17601132,Y
17601142,17601142,17601142,Omanuel Multiprod controls,N,38.22994005,-120.3934763,4234540.458,728148.032,Stanislaus,Calaveras,1126.011005,3693.316096,17601142,Y
17606082,17606082,17606082,Omanuel Multiprod controls,N,38.2133899,-120.3958215,4232697.884,727994.405,Stanislaus,Calaveras,1052.591237,3452.499259,17606082,Y
17606102,17606102,17606102,Omanuel Multiprod controls,N,38.21426155,-120.3935471,4232800.229,728190.837,Stanislaus,Calaveras,1081.964979,3548.845131,17606102,Y
108201,108201,NA,South 108 (north),Y,38.14066764,-120.0862258,4225434.64,755358.51,Stanislaus,MiWok,1621.965311,5320.046221,108201,Y
108202,108202,NA,South 108 (north),Y,38.14016777,-120.0862951,4225378.968,755354.18,Stanislaus,MiWok,1606.834459,5270.417025,108202,Y
108203,108203,NA,South 108 (north),Y,38.14037208,-120.0859509,4225402.593,755383.643,Stanislaus,MiWok,1619.34967,5311.466916,108203,
108204,108204,NA,South 108 (north),Y,38.13985371,-120.0869832,4225342.216,755294.962,Stanislaus,MiWok,1610.953801,5283.928466,108204,
108205,108205,NA,South 108 (north),Y,38.14186893,-120.0829714,4225576.942,755639.587,Stanislaus,MiWok,1676.527167,5499.009109,108205,Y
108206,108206,NA,South 108 (north),Y,38.14105328,-120.0818114,4225489.614,755744.117,Stanislaus,MiWok,1664.11289,5458.290279,108206,Y
108207,108207,NA,South 108 (north),Y,38.13927494,-120.0794584,4225298.734,755956.59,Stanislaus,MiWok,1620.874428,5316.468124,108207,Y
108208,108208,NA,South 108 (north),Y,38.13924939,-120.0783383,4225298.992,756054.863,Stanislaus,MiWok,1605.858363,5267.215432,108208,Y
108209,108209,NA,South 108 (north),Y,38.14019703,-120.0795064,4225400.943,755949.158,Stanislaus,MiWok,1621.958622,5320.024279,108209,
108211,108211,NA,South 108 (north),Y,38.14108644,-120.0795313,4225499.59,755943.859,Stanislaus,MiWok,1615.295629,5298.169663,108211,Y
109011,109011,NA,South Fork,Y,38.12301356,-120.124972,4223369.195,752022.929,Stanislaus,MiWok,1519.091918,4982.621491,109011,Y
109014,109014,NA,South Fork,Y,38.11938624,-120.1248707,4222966.881,752044.295,Stanislaus,MiWok,1496.697792,4909.168756,109014,Y
121000,121000,NA,Studhorse South,Y,37.5316688,-119.6278624,4157100,267800,Yosemite,,1390.441937,4560.649553,121000,Y
122000,122000,NA,Studhorse South,Y,37.531206,-119.6284119,4157050,267750,Yosemite,,1386.674077,4548.290972,122000,
123000,123000,NA,Studhorse South,Y,37.53164448,-119.6289637,4157100.024,267702.594,Yosemite,,1391.861571,4565.305953,123000,
124000,124000,NA,Studhorse South,Y,37.53165621,-119.6284277,4157100,267750,Yosemite,,1390.305939,4560.20348,124000,
125000,125000,NA,Studhorse South,Y,37.53118074,-119.6294894,4157049.86,267654.696,Yosemite,,1390.907884,4562.17786,125000,
126000,126000,NA,Studhorse South,Y,37.53117631,-119.6301012,4157050.882,267600.615,Yosemite,,1388.286001,4553.578083,126000,
127000,127000,NA,Studhorse South,Y,37.53076242,-119.629511,4157003.491,267651.49,Yosemite,,1385.048186,4542.958049,127000,
128000,128000,NA,Studhorse South,Y,37.53028186,-119.6300676,4156951.538,267600.803,Yosemite,,1379.392691,4524.408025,128000,
129000,129000,NA,Studhorse South,Y,37.53116692,-119.6306775,4157051.265,267549.654,Yosemite,,1386.653092,4548.22214,129000,Y
130000,130000,NA,Studhorse South,Y,37.53064192,-119.6306216,4156992.865,267552.962,Yosemite,,1380.952468,4529.524095,130000,
131000,131000,NA,Studhorse South,Y,37.53069871,-119.6317641,4157001.994,267452.165,Yosemite,,1368.534884,4488.794419,131000,Y
132000,132000,NA,Studhorse South,Y,37.53106917,-119.632378,4157044.625,267399.06,Yosemite,,1367.566427,4485.61788,132000,Y
133000,133000,NA,Studhorse South,Y,37.53153871,-119.6334169,4157099.304,267308.709,Yosemite,,1367.518769,4485.461564,133000,Y
134000,134000,NA,Studhorse South,Y,37.53199404,-119.6329334,4157148.636,267352.852,Yosemite,,1380.564209,4528.250607,134000,Y
135000,135000,NA,Studhorse South,Y,37.53242266,-119.6346496,4157200.452,267202.513,Yosemite,,1368.975414,4490.239358,135000,Y
136000,136000,NA,Studhorse South,Y,37.53279077,-119.6341468,4157240.057,267248.094,Yosemite,,1383.65607,4538.391911,136000,Y
137000,137000,NA,Studhorse South,Y,37.53243488,-119.6335508,4157199.087,267299.663,Yosemite,,1381.990541,4532.928975,137000,Y
138000,138000,NA,Studhorse South,Y,37.53291572,-119.633558,4157252.465,267300.523,Yosemite,,1389.937081,4558.993624,138000,
139000,139000,NA,Studhorse South,Y,37.53198818,-119.6317916,4157145.16,267453.739,Yosemite,,1390.35305,4560.358005,139000,
140000,140000,NA,Studhorse South,Y,37.53160388,-119.6312474,4157101.166,267500.639,Yosemite,,1386.490556,4547.689024,140000,
155109,155109,NA,Granddad,Y,37.40471652,-119.603639,4142952.261,269551.071,Sierra,Bass Lake,1438.686748,4718.892534,155109,
155110,155110,NA,Granddad,Y,37.40473695,-119.6026194,4142952.035,269641.392,Sierra,Bass Lake,1454.160561,4769.646639,155110,
155139,155139,NA,Pine Grove,Y,37.21209574,-119.4218341,4121148.964,285097.387,Sierra,Bass Lake,1381.674467,4531.892251,155139,Y
155140,155140,NA,Pine Grove,Y,37.21170356,-119.420667,4121102.798,285199.854,Sierra,Bass Lake,1374.109008,4507.077545,155140,Y
1551452,155145,NA,Pine Grove,N,37.20584397,-119.4218863,4120455.361,285075.008,Sierra,Bass Lake,1292.469162,4239.29885,1551452,
1551502,155150,NA,Pine Grove,N,37.20491611,-119.4213105,4120351.095,285123.478,Sierra,Bass Lake,1285.724847,4217.177499,1551502,
155159,155159,NA,Foster16,Y,37.25925222,-119.3872392,4126303.65,288299.658,Sierra,Bass Lake,1645.616239,5397.621263,155159,Y
155160,155160,NA,Foster16,Y,37.25924047,-119.3878449,4126303.702,288245.91,Sierra,Bass Lake,1639.307766,5376.929473,155160,155111
1551692,155169,NA,Foster16,N,37.25200291,-119.3847672,4125493.707,288498.635,Sierra,Bass Lake,1540.929912,5054.25011,1551692,155112
1551702,155170,NA,Foster16,N,37.25201719,-119.3841757,4125493.969,288551.139,Sierra,Bass Lake,1543.210909,5061.731781,1551702,155113
167602,167602,NA,Long Shanahan,Y,37.82214559,-120.1687095,4189859.451,749204.268,Stanislaus,Groveland,926.616173,3039.301048,167602,155114
167604,167604,NA,Long Shanahan,Y,37.82134808,-120.1749901,4189754.192,748654.032,Stanislaus,Groveland,961.861952,3154.907203,167604,155115
245000,245000,NA,Studhorse North,Y,37.53430851,-119.6290488,4157395.871,267703.346,Yosemite,,1379.143449,4523.590513,245000,155141
250000,250000,NA,Studhorse North,Y,37.53522607,-119.6296769,4157499.249,267650.686,Yosemite,,1367.725922,4486.141025,250000,155142
251000,251000,NA,Studhorse North,Y,37.53564918,-119.6302476,4157547.614,267601.568,Yosemite,,1364.975192,4477.11863,251000,155143
252000,252000,NA,Studhorse North,Y,37.53608935,-119.6308349,4157597.915,267551.032,Yosemite,,1356.723314,4450.05247,252000,155144
253000,253000,NA,Studhorse North,Y,37.53609624,-119.6319919,4157601.542,267448.812,Yosemite,,1350.029262,4428.09598,253000,
254000,254000,NA,Studhorse North,Y,37.5351221,-119.6319805,4157493.41,267446.786,Yosemite,,1364.391608,4475.204476,254000,155146
255000,255000,NA,Studhorse North,Y,37.53553548,-119.6335991,4157543.292,267305.034,Yosemite,,1358.06867,4454.465238,255000,155147
256000,256000,NA,Studhorse North,Y,37.53510391,-119.6341784,4157496.834,267252.495,Yosemite,,1363.307035,4471.647075,256000,155148
257000,257000,NA,Studhorse North,Y,37.53422536,-119.6336241,4157397.965,267298.752,Yosemite,,1378.441617,4521.288503,257000,155149
258000,258000,NA,Studhorse North,Y,37.53384182,-119.632996,4157353.846,267353.069,Yosemite,,1385.487093,4544.397665,258000,
259000,259000,NA,Studhorse North,Y,37.53426265,-119.6324707,4157399.247,267400.794,Yosemite,,1379.93781,4526.196018,259000,155161
260000,260000,NA,Studhorse North,Y,37.53384178,-119.6318923,4157351.11,267450.606,Yosemite,,1386.342359,4547.202936,260000,155162
303000,303000,NA,Studhorse North,N,37.53529561,-119.6268582,4157500,267900,Yosemite,,1353.669028,4440.034413,303000,
306000,306000,NA,Studhorse North,N,37.53579852,-119.6245674,4157550.153,268104.002,Yosemite,,1352.991786,4437.813059,306000,155164
309000,309000,NA,Studhorse North,N,37.53485686,-119.625145,4157447.079,268050.038,Yosemite,,1373.993073,4506.69728,309000,155165
310000,310000,NA,Studhorse North,N,37.53487057,-119.6257117,4157450,268000,Yosemite,,1368.382027,4488.29305,310000,155166
313000,313000,NA,Studhorse North,N,37.53225506,-119.6199269,4157145.48,268503.127,Yosemite,,1426.100728,4677.610389,313000,155167
314000,314000,NA,Studhorse North,N,37.53179272,-119.6193867,4157092.842,268549.442,Yosemite,,1432.799871,4699.583576,314000,155168
316000,316000,NA,Studhorse North,N,37.54081085,-119.6219343,4158099.894,268352.215,Yosemite,,1276.279863,4186.197951,316000,
317000,317000,NA,Studhorse North,N,37.53989022,-119.6213226,4157996.22,268403.418,Yosemite,,1277.367328,4189.764837,317000,
318000,318000,NA,Studhorse North,N,37.53942046,-119.6207771,4157942.745,268450.164,Yosemite,,1281.017009,4201.735789,318000,Y
319000,319000,NA,Studhorse North,N,37.53905283,-119.6201739,4157900.461,268502.331,Yosemite,,1283.429214,4209.647823,319000,Y
320000,320000,NA,Studhorse North,N,37.54041302,-119.6213557,4158054.318,268402.111,Yosemite,,1278.47183,4193.387601,320000,Y
362036,362036,NA,Lincoln,Y,38.65929879,-120.45948,4282032.331,721055.239,Eldorado,Pacific,1546.210293,5071.569762,362036,Y
362042,362042,NA,Lincoln,Y,38.65965739,-120.4582559,4282075.085,721160.664,Eldorado,Pacific,1533.527396,5029.96986,362042,Y
362201,362201,NA,Last Ridge,Y,38.6362797,-120.4579822,4279481.088,721256.4258,Eldorado,Pacific,1537.711477,5043.693645,362201,Y
362206,362206,NA,Last Ridge,Y,38.63761196,-120.4579078,4279629.132,721258.8,Eldorado,Pacific,1511.369587,4957.292244,362206,Y
362210,362210,NA,Last Ridge,Y,38.63858937,-120.4596116,4279733.504,721107.481,Eldorado,Pacific,1488.507782,4882.305526,362210,
362211,362211,NA,Last Ridge,Y,38.63854257,-120.459028,4279729.717,721158.425,Eldorado,Pacific,1489.819234,4886.607088,362211,Y
402201,402201,NA,Virginia's burn,Y,37.03548456,-119.2849072,4101250.202,296777.534,Sierra,High Sierra,1346.323735,4415.94185,402201,
402202,402202,NA,Virginia's burn,Y,37.03548219,-119.2849356,4101250,296775,Sierra,High Sierra,1346.571632,4416.754954,402202,
402203,402203,NA,Virginia's burn,Y,37.03591745,-119.2860541,4101300.688,296676.669,Sierra,High Sierra,1358.152188,4454.739175,402203,
402204,402204,NA,Virginia's burn,Y,37.03547422,-119.2854873,4101250.295,296725.904,Sierra,High Sierra,1349.57605,4426.609444,402204,
402205,402205,NA,Virginia's burn,Y,37.03594032,-119.2849326,4101300.827,296776.494,Sierra,High Sierra,1359.829029,4460.239214,402205,
402206,402206,NA,Virginia's burn,Y,37.03629799,-119.286125,4101343.063,296671.378,Sierra,High Sierra,1361.01513,4464.129627,402206,
402207,402207,NA,Virginia's burn,Y,37.03593171,-119.2854979,4101301.08,296726.183,Sierra,High Sierra,1360.90872,4463.7806,402207,
402208,402208,NA,Virginia's burn,Y,37.03636695,-119.2849346,4101348.17,296777.448,Sierra,High Sierra,1368.755163,4489.516935,402208,
402209,402209,NA,Virginia's burn,Y,37.03680242,-119.2860236,4101398.817,296681.745,Sierra,High Sierra,1363.129104,4471.063462,402209,
402210,402210,NA,Virginia's burn,Y,37.03679442,-119.2855144,4101396.841,296727.015,Sierra,High Sierra,1370.801329,4496.228361,402210,
405000,405000,NA,Lily gap phase 1,Y,38.42143176,-120.5023108,4255529.952,718045.44,BLM,,963.2203821,3159.362853,405000,
405203,405203,NA,Barnes Mountain,Y,37.03314838,-119.2413803,4100898.822,300643.312,Sierra,High Sierra,1088.984925,3571.870555,405203,Y
405209,405209,NA,Barnes Mountain,Y,37.03405071,-119.2401056,4100996.27,300759.064,Sierra,High Sierra,1053.330537,3454.92416,405209,Y
440000,440000,NA,Lily gap phase 1,Y,38.42015286,-120.4972519,4255400,718491,BLM,,981.8811368,3220.570129,440000,Y
559000,559000,NA,Lily gap phase 2,N,38.43768939,-120.4870068,4257370.633,719332.4366,BLM,,1146.191957,3759.509618,559000,Y
571000,571000,NA,Lily gap phase 2,N,38.43858897,-120.4870127,4257470.459,719329.1983,BLM,,1142.161869,3746.290931,571000,Y
1082012,1082012,NA,South 108 (north),N,38.1371777,-120.0893343,4225038.734,755098.196,Stanislaus,MiWok,1634.697391,5361.807441,1082012,Y
1082022,1082022,NA,South 108 (north),N,38.13447005,-120.0895462,4224737.631,755089.055,Stanislaus,MiWok,1571.679225,5155.107857,1082022,Y
1082032,1082032,NA,South 108 (north),N,38.13807808,-120.0896548,4225137.784,755066.957,Stanislaus,MiWok,1639.359683,5377.09976,1082032,Y
1082042,1082042,NA,South 108 (north),N,38.13994479,-120.0885595,4225347.983,755156.469,Stanislaus,MiWok,1642.181537,5386.355442,1082042,
1082122,1082122,NA,South 108 (north),N,38.14282715,-120.0711693,4225715.918,756670.738,Stanislaus,MiWok,1600.78043,5250.559811,1082122,
1082132,1082132,NA,South 108 (north),N,38.14313874,-120.0704756,4225752.422,756730.448,Stanislaus,MiWok,1629.696908,5345.405859,1082132,Y
1082142,1082142,NA,South 108 (north),N,38.14046811,-120.0681023,4225462.588,756947.853,Stanislaus,MiWok,1550.009742,5084.031954,1082142,Y
1090022,1090022,NA,South Fork,N,38.11213397,-120.1290578,4222150.595,751702.08,Stanislaus,MiWok,1485.186466,4871.411609,1090022,Y
1510201,1510201,NA,Granddad,Y,37.41064286,-119.6004371,4143602.088,269852.664,Sierra,Bass Lake,1477.722394,4846.929451,1510201,Y
1510202,1510202,NA,Granddad,Y,37.41108857,-119.6004892,4143651.677,269849.418,Sierra,Bass Lake,1475.727712,4840.386894,1510202,Y
1510203,1510203,NA,Granddad,Y,37.41107983,-119.6010447,4143652.064,269800.224,Sierra,Bass Lake,1477.679077,4846.787372,1510203,
1510204,1510204,NA,Granddad,Y,37.41193048,-119.6005297,4143745.203,269848.412,Sierra,Bass Lake,1468.110389,4815.402076,1510204,
1510205,1510205,NA,Granddad,Y,37.41154851,-119.6004886,4143702.715,269850.88,Sierra,Bass Lake,1472.072328,4828.397236,1510205,Y
1510208,1510208,NA,Granddad,Y,37.41110788,-119.5987738,4143649.631,270001.325,Sierra,Bass Lake,1458.850398,4785.029306,1510208,Y
1510209,1510209,NA,Granddad,Y,37.41203948,-119.5982433,4143751.717,270051.131,Sierra,Bass Lake,1444.100525,4736.649722,1510209,Y
1676572,1676572,NA,Long Shanahan,N,37.81873819,-120.1618908,4189499.515,749816.058,Stanislaus,Groveland,925.9226251,3037.02621,1676572,
1676602,1676602,NA,Long Shanahan,N,37.81858054,-120.1602772,4189486.338,749958.647,Stanislaus,Groveland,928.4351734,3045.267369,1676602,Y
1754225,1754225,NA,Irish Multiprod,Y,38.26705086,-120.3589785,4238744.827,731050.497,Stanislaus,Calaveras,1225.758912,4020.489233,1754225,Y
1754228,1754228,NA,Irish Multiprod,Y,38.26756159,-120.3629322,4238791.635,730702.928,Stanislaus,Calaveras,1238.93547,4063.70834,1754228,y
1754229,1754229,NA,Irish Multiprod,Y,38.26748111,-120.3595608,4238791.123,730998.179,Stanislaus,Calaveras,1227.682408,4026.7983,1754229,Y
1754231,1754231,NA,Irish Multiprod,Y,38.26792471,-120.3601027,4238839.002,730949.357,Stanislaus,Calaveras,1234.446139,4048.983337,1754231,Y
1754236,1754236,NA,Irish Multiprod,Y,38.26855917,-120.3652757,4238896.505,730494.72,Stanislaus,Calaveras,1260.50678,4134.462239,1754236,Y
1754238,1754238,NA,Irish Multiprod,Y,38.26851305,-120.3635373,4238895.722,730646.973,Stanislaus,Calaveras,1252.657849,4108.717745,1754238,Y
1754242,1754242,NA,Irish Multiprod,Y,38.26897675,-120.3652418,4238942.934,730496.366,Stanislaus,Calaveras,1267.666158,4157.944999,1754242,
1754252,1754252,NA,Irish Multiprod,Y,38.2694172,-120.3640987,4238994.668,730594.99,Stanislaus,Calaveras,1266.623809,4154.526095,1754252,Y
1754254,1754254,NA,Irish Multiprod,Y,38.26934662,-120.3629431,4238989.719,730696.321,Stanislaus,Calaveras,1265.487176,4150.797939,1754254,
1754261,1754261,NA,Irish Multiprod,Y,38.2702748,-120.3628341,4239093.005,730702.919,Stanislaus,Calaveras,1290.738398,4233.621947,1754261,
1760625,1760625,NA,Omanuel Multiprod,Y,38.20685376,-120.3885654,4231990.383,728650.247,Stanislaus,Calaveras,1182.002347,3876.967698,1760625,
1760627,1760627,NA,Omanuel Multiprod,Y,38.2068778,-120.3874838,4231995.724,728744.887,Stanislaus,Calaveras,1181.096802,3873.997511,1760627,
3620092,3620092,NA,Lincoln,N,38.65481416,-120.4598456,4281533.706,721037.219,Eldorado,Pacific,1533.563474,5030.088195,3620092,
3620282,3620282,NA,Lincoln,N,38.65638429,-120.4625904,4281701.356,720793.517,Eldorado,Pacific,1537.679596,5043.589076,3620282,
4022102,4022102,NA,Blue Canyon3C,N,37.03487194,-119.2222323,4101050.083,302351.112,Sierra,High Sierra,1260.792105,4135.398104,4022102,
4022112,4022112,NA,Blue Canyon3C,N,37.03534713,-119.2222591,4101102.864,302349.962,Sierra,High Sierra,1262.265091,4140.2295,4022112,
4022132,4022132,NA,Blue Canyon1C,N,37.02770183,-119.2911804,4100400.072,296198.696,Sierra,High Sierra,1372.763992,4502.665895,4022132,
4022142,4022142,NA,Blue Canyon1C,N,37.02769591,-119.291658,4100400.439,296156.194,Sierra,High Sierra,1366.554531,4482.298863,4022142,
4022162,4022162,NA,Blue Canyon1C,N,37.02765118,-119.2928286,4100397.987,296051.93,Sierra,High Sierra,1361.719256,4466.439159,4022162,
4022192,4022192,NA,Blue Canyon1C,N,37.02726842,-119.291132,4100351.878,296201.842,Sierra,High Sierra,1372.553581,4501.975745,4022192,
4022212,4022212,NA,Blue Canyon1C,N,37.02724036,-119.2922214,4100351.1,296104.856,Sierra,High Sierra,1355.747062,4446.850362,4022212,
4022232,4022232,NA,Blue Canyon2C,N,37.04096375,-119.3050804,4101901.484,294997.777,Sierra,High Sierra,1352.881083,4437.449951,4022232,
4022242,4022242,NA,Blue Canyon2C,N,37.04049275,-119.3050435,4101849.143,294999.791,Sierra,High Sierra,1359.147996,4458.005428,4022242,
4022252,4022252,NA,Blue Canyon2C,N,37.04006091,-119.3049967,4101801.125,295002.796,Sierra,High Sierra,1367.183663,4484.362414,4022252,
4022262,4022262,NA,Blue Canyon2C,N,37.03959163,-119.3050351,4101749.137,294998.121,Sierra,High Sierra,1371.406404,4498.213006,4022262,
4022292,4022292,NA,Blue Canyon2C,N,37.04048829,-119.3055099,4101849.653,294958.302,Sierra,High Sierra,1350.475209,4429.558684,4022292,
15102212,15102212,NA,Nelder Grove,N,37.42447747,-119.5828261,4145094.459,271453.659,Sierra,Bass Lake,1556.690046,5105.943352,15102212,
15102222,15102222,NA,Nelder Grove,N,37.42042174,-119.5832829,4144645.499,271400.891,Sierra,Bass Lake,1529.868308,5017.968051,15102222,
15102232,15102232,NA,Nelder Grove,N,37.42045024,-119.5849543,4144652.718,271253.051,Sierra,Bass Lake,1550.196681,5084.645114,15102232,
15102252,15102252,NA,Nelder Grove,N,37.42057909,-119.5856043,4144668.596,271195.911,Sierra,Bass Lake,1562.16452,5123.899626,15102252,Y
15102292,15102292,NA,Nelder Grove,N,37.4251315,-119.5811483,4145162.967,271604.141,Sierra,Bass Lake,1566.062137,5136.68381,15102292,Y
15102302,15102302,NA,Nelder Grove,N,37.42502508,-119.5817278,4145152.563,271552.528,Sierra,Bass Lake,1572.25517,5156.996958,15102302,Y
15102362,15102362,NA,Nelder Grove,N,37.41991237,-119.5860509,4144595.694,271154.348,Sierra,Bass Lake,1554.011725,5097.158459,15102362,Y
15102372,15102372,NA,Nelder Grove,N,37.41156745,-119.5982376,4143699.321,270050.193,Sierra,Bass Lake,1448.936059,4752.510274,15102372,Y
15102382,15102382,NA,Nelder Grove,N,37.41110383,-119.5982266,4143647.846,270049.746,Sierra,Bass Lake,1449.842939,4755.484838,15102382,Y
15102392,15102392,NA,Nelder Grove,N,37.41063287,-119.5980698,4143595.201,270062.185,Sierra,Bass Lake,1449.002077,4752.726812,15102392,
17601012,17601012,NA,Omanuel Multiprod controls,N,38.2195754,-120.3938007,4233389.352,728152.026,Stanislaus,Calaveras,1005.005205,3296.417071,17601012,Y
17601152,17601152,NA,Omanuel Multiprod controls,N,38.22992003,-120.3928704,4234539.73,728201.136,Stanislaus,Calaveras,1138.732479,3735.042531,17601152,Y
17606142,17606142,NA,Omanuel Multiprod controls,N,38.22996763,-120.3934836,4234543.5,728147.3,Stanislaus,Calaveras,1125.280492,3690.920015,17606142,
